Month,ChlA
1,
2,0.6786218
3,0.65222914
4,0.96059874
5,2.7207853
6,1.42732219
7,1.35075682
8,1.23804035
9,1.35491815
10,1.06746943
11,
12,
