Month,ChlA
4,0.831776406
5,1.340546618
6,1.438153399
7,1.128092056
8,1.141039845
9,1.380853278
